subject,dataset_roi,roi,montage_preset,E_target,stimulated_volume,configuration,pair1,pair2,current1,current2,pareto_selection,source_target_id,source_mat,source_mat_sha256,cohort_selection_role
sub-CC120795,Left_Hippocampus,Left_Hippocampus,left-hippocampus,0.203808777934883,1.01698370820471,83921,Fpz-F4,P9-I1,2,2,TI_free.Emin,Target001,CC120795_Target001.mat,9538d2ae460e079c3ba2a8d5da5490711732ede43b553f31dfb04ec647c54caa,best_Right_DLPC
sub-CC120795,Left_M1,ctx_lh_G_precentral,left-m1,0.201608478231881,0.171514181590374,507895,F3-F1,C3-PO3,2,0.399052462993776,TI_free.Emin,Target003,CC120795_Target003.mat,9d1dcfd14c923a80d971d0d22095d29c3d4941a6300e4125bf0691b32bb0b3c8,best_Right_DLPC
sub-CC120795,Right_DLPC,ctx_rh_G_front_middle,right-dlpfc,0.206552532140986,0.332244966303461,605124,F2-F4,FT8-T8,0.632455532033676,2,TI_free.Emin,Target004,CC120795_Target004.mat,ae7055c2f28dd14199a207389e81bd0cf31b840ff3ea546aa0307d55e1d50ae0,best_Right_DLPC
sub-CC120795,Right_Thalamus,Right_Thalamus,right-thalamus,0.200496784357737,4.30691273044462,2801132,FT9-P9,FC4-CP6,2,1.58865646944856,TI_free.Emin,Target002,CC120795_Target002.mat,455cc21aff1ac7fc5429bcbaedde4ec5ae09a8cdb33e762994255cb6f7ed3351,best_Right_DLPC
sub-CC221775,Left_Hippocampus,Left_Hippocampus,left-hippocampus,0.20397017436712,0.582893371466002,85405,Fpz-F6,P9-Iz,2,1.26191468896039,TI_free.Emin,Target001,CC221775_Target001.mat,4a3ec1bb0a398b7fb488d4a54a0d5e58ff0187c30004d6734c7d953c2da88022,best_Left_M1
sub-CC221775,Left_M1,ctx_lh_G_precentral,left-m1,0.203821957146831,0.254069490097027,18561,Fp1-F7,C3-T8,2,0.251785082358833,TI_free.Emin,Target003,CC221775_Target003.mat,121a77bddfa7d8ab9c329d800def216ef9ec9a8e62651e517cd9425e97c9fdde,best_Left_M1
sub-CC221775,Right_DLPC,ctx_rh_G_front_middle,right-dlpfc,0.20160089270253,0.219518708697523,323373,AF4-F4,C2-CP2,0.632455532033676,2,TI_free.Emin,Target004,CC221775_Target004.mat,2d748e72d3e11b1af23854b8c6aa2d700161d106982c58a4147f0be915f03f4b,best_Left_M1
sub-CC221775,Right_Thalamus,Right_Thalamus,right-thalamus,0.200772812396847,5.16151600003921,2515886,F7-P7,FT8-TP8,1.26191468896039,2,TI_free.Emin,Target002,CC221775_Target002.mat,def15825a85c812bb5a063b955b91e0b21a3fed683274ce1e3f30b7a07152945,best_Left_M1
sub-CC320776,Left_Hippocampus,Left_Hippocampus,left-hippocampus,0.200269107653666,0.363978249924232,234335,AF3-F4,P9-Iz,2,1.58865646944856,TI_free.Emin,Target001,CC320776_Target001.mat,a91d8864ab6d78281a28243566a2933da621f163d0c171063d55a15d89c575b6,worst_Left_M1
sub-CC320776,Left_M1,ctx_lh_G_precentral,left-m1,0.202619796073751,0.68808992858423,779343,FC5-FC3,C1-P3,2,1.00237446725454,TI_free.Emin,Target003,CC320776_Target003.mat,e431bb6d06c4a7a7dcc169a2d61a9a4af3e36cf9fc611ea02c41addd51fcf0f6,worst_Left_M1
sub-CC320776,Right_DLPC,ctx_rh_G_front_middle,right-dlpfc,0.202747693026762,0.200290348388299,605080,F2-F4,FC6-C6,1.26191468896039,2,TI_free.Emin,Target004,CC320776_Target004.mat,7989e7a81370b15805fdc95b8a437ed96ec69247635e1beac8422932c470f275,worst_Left_M1
sub-CC320776,Right_Thalamus,Right_Thalamus,right-thalamus,0.202772561208525,12.6306463509058,2503422,F7-P9,F8-TP8,2,2,TI_free.Emin,Target002,CC320776_Target002.mat,34d3acb4a36f5d576e81e2449474efad618f4c5ad73a5760eb5d23b1400ef9b5,worst_Left_M1
sub-CC410182,Left_Hippocampus,Left_Hippocampus,left-hippocampus,0.200357599711736,1.1005211894968,15425,Fp1-AF8,PO9-I2,2,2,TI_free.Emin,Target001,CC410182_Target001.mat,0a7cf6bf02a0034d7a5c96d80873a78302d0a50a3ef4101499cc53b824fda077,best_Left_Hippocampus
sub-CC410182,Left_M1,ctx_lh_G_precentral,left-m1,0.205048137135141,0.133157946384065,252746,AF3-C3,CP1-P1,0.316978638492223,2,TI_free.Emin,Target003,CC410182_Target003.mat,4157bc7a39f417312042db1c96e37ef48e0bc13afc95b446fc8eeb029fec1905,best_Left_Hippocampus
sub-CC410182,Right_DLPC,ctx_rh_G_front_middle,right-dlpfc,0.200417873178848,0.329629040692869,573676,Fz-F2,F4-FC6,2,0.502377286301916,TI_free.Emin,Target004,CC410182_Target004.mat,c3fe3ec027b6ef1a0959121366a6d226cf0901da9ef404cc51ff8b9c9a77c917,best_Left_Hippocampus
sub-CC410182,Right_Thalamus,Right_Thalamus,right-thalamus,0.201298305234705,5.64075143939914,1815322,FC5-CP5,FT10-P10,2,1.58865646944856,TI_free.Emin,Target002,CC410182_Target002.mat,4b4b07afb7b8483a5e0b8fe0c1c9db51898ab8f1da2cee6d7d10310fb136f55b,best_Left_Hippocampus
sub-CC410387,Left_Hippocampus,Left_Hippocampus,left-hippocampus,0.206039251672376,1.29583406755171,1416957,AF8-TP8,TP7-PO7,2,1.58865646944856,TI_free.Emin,Target001,CC410387_Target001.mat,9c8dab626287b01f212fab489de7e6f208092854ee6896c559253105f04a118e,worst_Right_DLPC
sub-CC410387,Left_M1,ctx_lh_G_precentral,left-m1,0.200225432497239,0.175092011460693,927827,C5-C3,CP1-CPz,1.26191468896039,2,TI_free.Emin,Target003,CC410387_Target003.mat,b2fce6131a1490a8ce636bc90c294f0574ab41d36a9cbcb3257ca573eafd370f,worst_Right_DLPC
sub-CC410387,Right_DLPC,ctx_rh_G_front_middle,right-dlpfc,0.206189990577022,0.0924903506570233,646978,F4-FC4,CP4-PO8,0.796214341106994,2,TI_free.Emin,Target004,CC410387_Target004.mat,93aa8cafee6fb177bdca655b1936e04cc4f0b9156dd27586fe8d15c90892d713,worst_Right_DLPC
sub-CC410387,Right_Thalamus,Right_Thalamus,right-thalamus,0.200544660709252,10.6377993779054,2465613,F9-PO9,F8-TP8,2,2,TI_free.Emin,Target002,CC410387_Target002.mat,5f026c654ac21b164002a638450cceb20f4147109128550524f2b7c2b492ac29,worst_Right_DLPC
sub-CC420100,Left_Hippocampus,Left_Hippocampus,left-hippocampus,0.20408878615418,1.12541205313885,30667,Fp1-F6,P9-I2,2,1.58865646944856,TI_free.Emin,Target001,CC420100_Target001.mat,8eb5d3e519bdea137204eb4df69df2c8be77f0959e882ba94cee26d33d35cec3,worst_Left_Hippocampus;worst_Right_Thalamus
sub-CC420100,Left_M1,ctx_lh_G_precentral,left-m1,0.218215868401608,0.520949250178298,779334,FC5-FC3,C1-CP1,2,1.58865646944856,TI_free.Emin,Target003,CC420100_Target003.mat,c1d28de4ee35ce22a7e3d616cf3bad1c32b599c2c049fa399155e3831e0d786c,worst_Left_Hippocampus;worst_Right_Thalamus
sub-CC420100,Right_DLPC,ctx_rh_G_front_middle,right-dlpfc,0.200512954243565,0.118319891336917,604541,F2-F4,F6-C6,2,1.00237446725454,TI_free.Emin,Target004,CC420100_Target004.mat,ad7dd32277f31f3d9b2a0fcc7177e7f628ca1b04451ae9aeccd4a8848872931c,worst_Left_Hippocampus;worst_Right_Thalamus
sub-CC420100,Right_Thalamus,Right_Thalamus,right-thalamus,0.201094106789616,13.7121898573456,1696638,F6-TP8,FC5-PO7,2,2,TI_free.Emin,Target002,CC420100_Target002.mat,60cc9e7d36731d9f171f48e6893cd3841f6e704dfc39982c169c6ce7374e9ff2,worst_Left_Hippocampus;worst_Right_Thalamus
sub-CC610061,Left_Hippocampus,Left_Hippocampus,left-hippocampus,0.203559698513641,1.65495940985827,13222,Fp1-AF4,P9-I2,2,1.26191468896039,TI_free.Emin,Target001,CC610061_Target001.mat,b7863fc529534343601d0afe2731357f627c9bbb384793b8295ddc32fc5c81a8,best_Right_Thalamus
sub-CC610061,Left_M1,ctx_lh_G_precentral,left-m1,0.204771559229395,0.450121037494734,507828,F3-F1,C5-C1,2,0.316978638492222,TI_free.Emin,Target003,CC610061_Target003.mat,18b3f5c1246d993669bc0d0c125fb0543063cacb909f2717eca02c7514c1233a,best_Right_Thalamus
sub-CC610061,Right_DLPC,ctx_rh_G_front_middle,right-dlpfc,0.206353574912202,0.136752245502662,634871,F4-F6,CPz-P4,0.502377286301916,2,TI_free.Emin,Target004,CC610061_Target004.mat,65db9941afbb4a4293bbdfb83604a85a00e9599493a00202ec238ff36a28170d,best_Right_Thalamus
sub-CC610061,Right_Thalamus,Right_Thalamus,right-thalamus,0.200312166902551,5.5570317765963,1694102,F6-CP6,FT9-P9,1.26191468896039,2,TI_free.Emin,Target002,CC610061_Target002.mat,2664f5ed7731d34fc3716c99258aaccf882733d9ffa283fdb3d4e65b395c8648,best_Right_Thalamus
