roi,E_target,stimulated_volume,configuration,pair1,pair2,current1,current2
ctx_lh_G_precentral,0.20710559247291363,0.22983176542219763,543633,F1-F2,C3-CP3,2.0,0.796214341106994
ctx_lh_G_front_middle,0.2022548205059828,0.1969842168368244,1464141,F7-FT9,F3-FC1,2.0,0.502377286301916
Left_Hippocampus,0.20126048959568976,2.0036083411773995,2759214,F8-P8,T7-P7,2.0,1.5886564694485628
Left_Thalamus,0.20109914211638394,7.458571543029045,2750274,F8-P8,FC5-P7,2.0,1.5886564694485628
Left_Pallidum,0.20197779387016448,1.3031909409988094,69733,Fpz-AF8,TP7-Iz,2.0,1.0023744672545443
ctx_rh_G_precentral,0.20001911434716863,0.21620176611758893,137432,Fp2-F6,C4-CP2,2.0,0.6324555320336759
ctx_rh_G_front_middle,0.2041808209441626,0.2034290846237534,322959,AF4-F4,FC2-C2,0.7962143411069944,2.0
Right_Hippocampus,0.20766303735225805,2.219011090797281,2478066,F9-P7,FT8-TP8,2.0,1.5886564694485628
Right_Thalamus,0.20013476226030563,7.3950420397326075,1522874,F5-TP7,FT8-P8,2.0,2.0
Right_Pallidum,0.20250278570888763,1.8658885441995348,1742988,F10-FT8,FT7-C3,1.5886564694485628,2.0
Left-Cerebral-White-Matter,0.2042666920533059,0.07051157568719797,490648,F5-FCz,PO9-PO10,0.7962143411069944,2.0
Left-Cerebellum-White-Matter,0.20073403949995575,0.4651375636314268,460267,F7-T7,PO10-O2,2.0,1.5886564694485628
Left-Cerebellum-Cortex,0.20030548407395565,0.7850529813870417,54877,Fp1-TP8,P9-I1,2.0,1.2619146889603863
Left-Caudate,0.20008551566750463,7.751296185093609,1181870,Fp2-T8,T7-P5,2.0,2.0
Left-Putamen,0.20138746801269258,4.586450274082162,1218541,AF7-FC5,F10-O2,1.2619146889603863,2.0
Brain-Stem,0.200375469780709,0.9322506157052735,2963514,FT10-P10,T7-P9,2.0,1.2619146889603863
Left-Amygdala,0.2012541480803058,1.2186106551499052,1475483,F7-T7,F10-PO10,1.5886564694485628,2.0
Left-Accumbens-area,0.20239552931513888,0.998738324199714,168611,AF7-AFz,PO4-PO10,1.0023744672545445,2.0
Left-VentralDC,0.20221233011458672,0.34213795057248136,1487421,F7-T7,FT10-P8,2.0,1.2619146889603863
Right-Cerebral-White-Matter,0.20173009259693764,0.07317807675443655,671448,F6-FCz,PO9-PO10,0.7962143411069944,2.0
Right-Cerebellum-White-Matter,0.20181731876562067,0.6331015082897375,371297,AF8-FT9,PO10-Iz,1.5886564694485628,2.0
Right-Cerebellum-Cortex,0.2022888143237244,1.2564182829895858,212556,AF7-P9,P10-I2,2.0,1.5886564694485628
Right-Caudate,0.2044018945168408,6.172007370613555,126190,Fp2-F7,TP8-O2,1.2619146889603863,2.0
Right-Putamen,0.2004379327203685,2.9542281487731694,365850,AF8-F6,FT9-O2,2.0,1.5886564694485628
Right-Amygdala,0.20310005623026864,2.3360364358315895,1381588,AF8-FT8,F9-Iz,2.0,1.5886564694485628
Right-Accumbens-area,0.20460180213130086,1.0322241160361554,266378,AFz-AF8,PO4-I2,1.0023744672545445,2.0
Right-VentralDC,0.2037916098505017,0.36965333377441767,1718679,F8-T8,FT9-P7,2.0,1.2619146889603863
CC_Posterior,0.20030947831418222,0.20541936400594787,1801185,FT7-TP7,C6-P6,2.0,1.5886564694485628
CC_Mid_Posterior,0.20127814128634927,0.22014256254283,799514,FC3-FC1,P8-P10,2.0,2.0
CC_Central,0.20304695920848587,0.4933739333526125,65972,Fpz-AFz,Pz-PO3,1.5886564694485628,2.0
CC_Mid_Anterior,0.20078448978027225,0.020917801798322727,152441,Fp2-FT10,CP2-P2,0.7962143411069944,2.0
CC_Anterior,0.2039739133230741,0.05123517850874204,1590220,F1-C3,FT10-P10,0.7962143411069944,2.0
ctx_lh_G_and_S_frontomargin,0.20017409680978043,0.7447996732342265,4895,Fp1-AF7,AF4-AF8,1.2619146889603863,2.0
ctx_lh_G_and_S_occipital_inf,0.2017919795251003,0.21655882132505877,824263,FC1-C5,PO9-I1,2.0,2.0
ctx_lh_G_and_S_paracentral,0.20725550536128967,0.17668823201198094,842259,FCz-Cz,CPz-Pz,2.0,1.2619146889603863
ctx_lh_G_and_S_subcentral,0.20172039131598077,0.39203114964301333,523007,F3-FC1,T7-TP7,2.0,1.2619146889603863
ctx_lh_G_and_S_transv_frontopol,0.200015953960777,0.1743843058515257,59653,Fpz-AF7,AF4-FC2,0.502377286301916,2.0
ctx_lh_G_and_S_cingul-Ant,0.20628559087101203,2.3337759587261684,224802,AF3-F5,F6-T8,1.5886564694485628,2.0
ctx_lh_G_and_S_cingul-Mid-Ant,0.2044125066610909,3.354543267107561,1214619,AF7-T7,F4-C2,2.0,1.2619146889603863
ctx_lh_G_and_S_cingul-Mid-Post,0.20001838312944067,2.6067803882838994,1811608,FC5-CP5,FC2-CP2,2.0,1.2619146889603863
ctx_lh_G_cingul-Post-dorsal,0.20128747991625523,0.6402208092605287,3051684,CP5-P3,CP2-TP8,2.0,0.796214341106994
ctx_lh_G_cingul-Post-ventral,0.20031520763074565,8.87824590046668,1780887,FT9-TP7,T8-P4,2.0,1.5886564694485628
ctx_lh_G_cuneus,0.20303395830543225,1.7362494526004344,996150,CP5-P3,PO4-PO8,2.0,1.5886564694485628
ctx_lh_G_front_inf-Opercular,0.20253388880988896,0.41533557844238556,2696983,F4-FCz,FT7-FC5,2.0,0.6324555320336759
ctx_lh_G_front_inf-Orbital,0.201331328406559,0.15555359658966061,2370148,AF4-C2,F7-FT9,2.0,0.6324555320336759
ctx_lh_G_front_inf-Triangul,0.20308462141261682,0.0348432045008475,434122,F7-F5,T7-P10,0.502377286301916,2.0
ctx_lh_G_front_sup,0.21036107037681157,1.990371959222766,1539463,F3-FC3,F2-FC2,2.0,2.0
ctx_lh_G_Ins_lg_and_S_cent_ins,0.20005820431585963,2.1590272801286363,411641,F9-FT7,C2-CP1,1.2619146889603863,2.0
ctx_lh_G_insular_short,0.20098700391878918,2.531268770112068,171425,AF7-AF8,FT7-T7,1.0023744672545445,2.0
ctx_lh_G_occipital_middle,0.2009310208384788,0.07070143714810413,144474,Fp2-FC5,P5-O1,2.0,0.3990524629937759
ctx_lh_G_occipital_sup,0.20693124030303056,0.12882435363373657,1017550,TP8-P4,PO3-POz,2.0,0.6324555320336759
ctx_lh_G_oc-temp_lat-fusifor,0.2003682690615201,0.6250459379387158,36262,Fp1-FT7,PO9-Iz,2.0,1.5886564694485628
ctx_lh_G_oc-temp_med-Lingual,0.20146114148030864,2.1734230547282287,2029750,CP3-PO7,P8-PO10,1.2619146889603863,2.0
ctx_lh_G_oc-temp_med-Parahip,0.2087981129764594,1.6043662905478837,448563,F7-FT9,TP8-PO10,2.0,2.0
ctx_lh_G_orbital,0.20905233245974536,0.6717471124272106,175712,AF7-F7,FT10-PO9,1.2619146889603863,2.0
ctx_lh_G_pariet_inf-Angular,0.20754399399607312,0.3621465418459978,3064356,CPz-P1,P5-P3,2.0,0.796214341106994
ctx_lh_G_pariet_inf-Supramar,0.20140940696448825,0.5062847671038273,615957,F2-FC1,TP7-CP5,2.0,0.796214341106994
ctx_lh_G_parietal_sup,0.20480460508532886,0.5097128516320697,937941,C3-C1,Pz-POz,2.0,1.5886564694485628
ctx_lh_G_postcentral,0.2012071804347742,0.2163001059860736,586463,Fz-FC1,C3-P3,2.0,0.502377286301916
ctx_lh_G_precuneus,0.2021941871369571,1.716520716678684,565732,F1-Cz,Pz-POz,2.0,1.5886564694485628
ctx_lh_G_rectus,0.20201520064177575,1.3860289610843606,1042347,Fp1-F7,AF8-FT8,1.5886564694485628,2.0
ctx_lh_G_subcallosal,0.20013026657025626,1.4459517142350113,223949,AF3-F7,T8-P10,1.2619146889603863,2.0
ctx_lh_G_temp_sup-G_T_transv,0.20037704145477167,0.25943180208496047,1610512,Fz-Cz,FT9-TP7,2.0,0.6324555320336759
ctx_lh_G_temp_sup-Lateral,0.20117060366476797,0.28465001718334193,2200188,Fp2-C2,FT7-T7,2.0,0.796214341106994
ctx_lh_G_temp_sup-Plan_polar,0.2039063645994507,1.2464953552547613,395260,F9-F7,PO3-I2,1.2619146889603863,2.0
ctx_lh_G_temp_sup-Plan_tempo,0.20111683684745063,0.09698113890693072,923006,T7-CP5,PO10-Oz,0.502377286301916,2.0
ctx_lh_G_temporal_inf,0.20027054220023432,0.4207688797806068,485603,F5-FT7,TP7-PO7,2.0,0.6324555320336759
ctx_lh_G_temporal_middle,0.201425419624801,0.10385215678938196,71332,Fpz-F9,T7-TP7,2.0,0.6324555320336759
ctx_lh_Lat_Fis-ant-Horizont,0.20095547450541396,0.1285898842498576,2182680,Fp2-FT8,F7-FT9,2.0,0.6324555320336759
ctx_lh_Lat_Fis-ant-Vertical,0.20457223529545723,0.10868643870488681,177604,AF7-F5,C5-CP5,0.7962143411069944,2.0
ctx_lh_Lat_Fis-post,0.20151662386282784,2.6729921550721993,2398147,AF4-CP2,T7-TP7,1.5886564694485628,2.0
ctx_lh_Pole_occipital,0.2028497550786314,0.029495372329690597,992603,TP7-PO9,Oz-I1,2.0,0.3990524629937759
ctx_lh_Pole_temporal,0.20402095535386985,1.5030730821574365,3412,Fp1-Fp2,FT9-P9,2.0,1.0023744672545443
ctx_lh_S_calcarine,0.20401185470523936,4.027634570928055,431245,F9-P9,P6-Oz,2.0,1.2619146889603863
ctx_lh_S_central,0.2017108295123068,1.7963986537301184,808237,FC3-C1,P7-PO3,1.0023744672545445,2.0
ctx_lh_S_cingul-Marginalis,0.20076848477093173,6.393517474901568,1685886,F4-CP4,CP3-P1,1.5886564694485628,2.0
ctx_lh_S_circular_insula_ant,0.2014849525988692,1.5736819891189655,19098,Fp1-F7,P7-PO10,1.0023744672545445,2.0
ctx_lh_S_circular_insula_inf,0.2005683659809311,1.6941014583576095,43962,Fp1-FT8,T7-TP7,1.2619146889603863,2.0
ctx_lh_S_circular_insula_sup,0.2000334907265969,2.6629710592319804,1314913,AFz-FCz,FT7-T7,2.0,2.0
ctx_lh_S_collat_transv_ant,0.20305249225181135,1.6179786801152427,14153,Fp1-AF8,FT9-PO9,2.0,0.796214341106994
ctx_lh_S_collat_transv_post,0.2013613845689594,1.6881879462289684,1022623,P5-PO7,PO10-Iz,1.5886564694485628,2.0
ctx_lh_S_front_inf,0.2022874696148404,0.46309001313616943,1506744,F5-FC5,F4-C2,0.7962143411069944,2.0
ctx_lh_S_front_middle,0.20094900655837847,0.2439708663382317,226624,AF3-F3,F8-C4,0.7962143411069944,2.0
ctx_lh_S_front_sup,0.20156685785101244,0.853505865436228,1543998,F3-FC1,F8-P6,0.7962143411069944,2.0
ctx_lh_S_interm_prim-Jensen,0.20274465020694404,0.5218053773532435,808277,FC3-C1,P3-PO7,2.0,0.6324555320336759
ctx_lh_S_intrapariet_and_P_trans,0.20082787371381827,1.7658210772883622,951091,C1-CP1,P5-P3,2.0,1.5886564694485628
ctx_lh_S_oc_middle_and_Lunatus,0.20402983154020227,0.6607339500593122,1022640,P5-PO7,I1-I2,0.7962143411069944,2.0
ctx_lh_S_oc_sup_and_transversal,0.20068773744276489,1.4726529009507472,3072337,CP6-PO4,P5-PO3,2.0,1.0023744672545443
ctx_lh_S_occipital_ant,0.20332781889154897,0.7902990453861215,988267,TP7-CP5,PO9-Iz,1.5886564694485628,2.0
ctx_lh_S_oc-temp_lat,0.20006598457571684,1.4482453926615515,925885,T7-P7,P8-Oz,0.7962143411069944,2.0
ctx_lh_S_oc-temp_med_and_Lingual,0.200520861762535,6.967786836865655,287175,AFz-FT7,PO9-Oz,2.0,1.5886564694485628
ctx_lh_S_orbital_lateral,0.2011670854577468,0.3359354854824933,223141,AF3-F7,FT9-P9,0.39905246299377584,2.0
ctx_lh_S_orbital_med-olfact,0.2013161111675924,0.7089698818489313,1061231,Fp1-FT7,F10-P10,1.0023744672545445,2.0
ctx_lh_S_orbital-H_Shaped,0.2008112558881883,0.9120220959462931,17953,Fp1-F7,F10-Oz,0.7962143411069944,2.0
ctx_lh_S_parieto_occipital,0.20016417888906277,2.781274702899649,890374,FC6-CP4,PO7-PO3,2.0,1.5886564694485628
ctx_lh_S_postcentral,0.20055193287565357,0.9983983103006945,511440,F3-F2,CP3-P3,2.0,1.2619146889603863
ctx_lh_S_precentral-inf-part,0.20048442818413656,0.8370637463133221,779571,FC5-FC3,CP5-CP3,0.7962143411069944,2.0
ctx_lh_S_precentral-sup-part,0.20032807658970622,1.560899806908093,851628,FC2-FC6,C1-CP3,2.0,1.0023744672545443
ctx_lh_S_suborbital,0.2062497540628323,2.269510442711932,164431,AF7-AF3,AF8-F10,1.2619146889603863,2.0
ctx_lh_S_subparietal,0.20147674112165262,11.88680139093296,564472,F1-C3,PO3-PO4,2.0,1.5886564694485628
ctx_lh_S_temporal_inf,0.20008435255040188,0.35807954218418897,1782521,FT9-P9,CP3-P5,0.7962143411069944,2.0
ctx_lh_S_temporal_sup,0.20323317533362897,0.7491269325495612,2734143,F6-P4,T7-TP7,2.0,1.2619146889603863
ctx_lh_S_temporal_transverse,0.20114674283317685,2.468838714347652,89268,Fpz-FT9,TP7-CP5,2.0,1.2619146889603863
ctx_rh_G_and_S_frontomargin,0.20229006452426537,0.8704295165081449,3176,Fp1-Fp2,F4-FC4,0.6324555320336757,2.0
ctx_rh_G_and_S_occipital_inf,0.20136590040396307,0.07523040656093444,952291,C1-CP4,P10-PO10,2.0,1.5886564694485628
ctx_rh_G_and_S_paracentral,0.22472245171112928,0.15100926907061538,842260,FCz-Cz,CPz-P2,2.0,1.0023744672545443
ctx_rh_G_and_S_subcentral,0.20116437605086984,0.5297347527213357,2259062,AF7-P5,FT8-C6,2.0,0.6324555320336759
ctx_rh_G_and_S_transv_frontopol,0.20022275027344055,0.20231529332043444,2057893,Fp1-P7,Fpz-AF4,2.0,0.502377286301916
ctx_rh_G_and_S_cingul-Ant,0.20127470834699096,3.4709370271282314,2229378,AF7-C5,AF8-FT8,2.0,2.0
ctx_rh_G_and_S_cingul-Mid-Ant,0.20117989849753465,2.971913730365036,2417323,AF8-C6,F1-FC1,1.5886564694485628,2.0
ctx_rh_G_and_S_cingul-Mid-Post,0.2001146282090839,2.9072180650196144,2859723,FC3-P3,FC4-C6,1.2619146889603863,2.0
ctx_rh_G_cingul-Post-dorsal,0.20082089400573608,0.9312680118569424,923550,T7-CP1,CP6-P4,0.7962143411069944,2.0
ctx_rh_G_cingul-Post-ventral,0.20118087891657077,6.476136970216586,387189,AF8-C6,P7-PO3,2.0,2.0
ctx_rh_G_cuneus,0.2002213768598304,1.9008540325812224,2033312,CP1-PO7,P6-PO8,1.0023744672545445,2.0
ctx_rh_G_front_inf-Opercular,0.201231474869373,0.6180449841212756,699006,F8-FC6,TP8-P10,0.6324555320336757,2.0
ctx_rh_G_front_inf-Orbital,0.20185677045456554,0.0173757005654777,2464978,F9-P3,F8-FT8,2.0,0.502377286301916
ctx_rh_G_front_inf-Triangul,0.20612776446585426,0.08895218351909753,368326,AF8-F8,TP8-PO4,0.7962143411069944,2.0
ctx_rh_G_front_sup,0.2017281721552598,1.6156048982079851,2602496,F1-C1,F4-FC4,1.0023744672545445,2.0
ctx_rh_G_Ins_lg_and_S_cent_ins,0.20028428580219024,2.652517914577465,367086,AF8-F6,P8-Iz,2.0,1.5886564694485628
ctx_rh_G_insular_short,0.2012656113467649,1.9397612837912197,76781,Fpz-F3,FT10-T8,2.0,1.2619146889603863
ctx_rh_G_occipital_middle,0.20896508456379098,0.1237615235940498,961678,Cz-P1,P8-PO8,2.0,0.796214341106994
ctx_rh_G_occipital_sup,0.20059730527330064,0.02090424339754052,52616,Fp1-CP5,POz-PO4,2.0,0.502377286301916
ctx_rh_G_oc-temp_lat-fusifor,0.20470609432927556,1.8542218117775102,339330,AF4-FT8,P10-I1,2.0,1.2619146889603863
ctx_rh_G_oc-temp_med-Lingual,0.20675834199814203,4.234402740649774,469311,F7-P7,P8-O2,2.0,1.5886564694485628
ctx_rh_G_oc-temp_med-Parahip,0.20254246118443958,1.6992905363165969,700216,F8-FT10,T7-P9,2.0,2.0
ctx_rh_G_orbital,0.21108679023548665,0.7272027478826287,1381062,AF8-F8,F9-I2,1.2619146889603863,2.0
ctx_rh_G_pariet_inf-Angular,0.20465578427554454,0.09407546404994638,966825,C2-CP2,P4-P6,2.0,0.6324555320336759
ctx_rh_G_pariet_inf-Supramar,0.2068558451497498,0.5161565462913146,646995,F4-FC4,CP6-P6,2.0,1.2619146889603863
ctx_rh_G_parietal_sup,0.21046299168374788,0.11233854047303907,959317,Cz-CPz,P2-P4,2.0,1.2619146889603863
ctx_rh_G_postcentral,0.20502052689189676,0.13257168222689317,646689,F4-FC4,C4-CP4,2.0,0.6324555320336759
ctx_rh_G_precuneus,0.2005523943271489,3.1852305826295995,3029762,C4-P2,CP3-P1,1.2619146889603863,2.0
ctx_rh_G_rectus,0.20693400394443306,2.280429828067968,2226226,AF7-F9,AF4-AF8,2.0,1.2619146889603863
ctx_rh_G_subcallosal,0.20250102860326158,2.3140848604187965,138158,Fp2-F8,FT9-I1,2.0,2.0
ctx_rh_G_temp_sup-G_T_transv,0.2009864345020431,0.47746905851483645,681730,F6-C6,PO8-I2,0.6324555320336757,2.0
ctx_rh_G_temp_sup-Lateral,0.20176295480973505,0.3114060353775849,2306999,AF3-P7,FT8-T8,2.0,0.796214341106994
ctx_rh_G_temp_sup-Plan_polar,0.2074009158819551,0.9366566679880702,119715,Fp2-AF4,FT10-T8,2.0,1.0023744672545443
ctx_rh_G_temp_sup-Plan_tempo,0.20037319131223175,0.4420867893070011,673916,F6-FC6,C6-P8,2.0,0.502377286301916
ctx_rh_G_temporal_inf,0.2005110209338468,0,1237516,AF7-P5,T8-P10,2.0,0.3990524629937759
ctx_rh_G_temporal_middle,0.2050901204856805,0.23868547160329773,138933,Fp2-F8,T8-TP8,2.0,0.796214341106994
ctx_rh_Lat_Fis-ant-Horizont,0.20186034314300239,0.8144958466495112,272376,AFz-F3,F8-FT8,2.0,1.2619146889603863
ctx_rh_Lat_Fis-ant-Vertical,0.20103536179588422,0.17350926077196094,662624,F6-F8,CP6-PO8,0.7962143411069944,2.0
ctx_rh_Lat_Fis-post,0.20272767913503573,5.2122886936371,2778746,F10-P8,FC4-C4,1.0023744672545445,2.0
ctx_rh_Pole_occipital,0.2062772053726945,0.33005415569409835,1028684,PO4-PO8,Iz-I2,1.0023744672545445,2.0
ctx_rh_Pole_temporal,0.2002119647407792,0.6168601557074777,140773,Fp2-F10,P10-PO9,1.0023744672545445,2.0
ctx_rh_S_calcarine,0.20191519447232054,4.469300758651247,2809555,FT9-I1,C6-P6,2.0,1.5886564694485628
ctx_rh_S_central,0.2036557215410878,1.1247877712788719,616988,F2-FCz,C6-P4,2.0,0.796214341106994
ctx_rh_S_cingul-Marginalis,0.20059308455564062,4.9520060664446905,150675,Fp2-FC6,CP2-P1,2.0,1.0023744672545443
ctx_rh_S_circular_insula_ant,0.20141143191220134,1.3533126125020882,368343,AF8-F8,P9-P8,1.5886564694485628,2.0
ctx_rh_S_circular_insula_inf,0.20316648706121862,1.427056185415849,700745,F8-FT10,CP6-P8,1.2619146889603863,2.0
ctx_rh_S_circular_insula_sup,0.2022708032750229,2.385505267818881,144929,Fp2-FC3,FT8-T8,1.0023744672545445,2.0
ctx_rh_S_collat_transv_ant,0.20087893563481482,1.319226222447447,1128372,Fpz-T7,FT10-P10,2.0,0.796214341106994
ctx_rh_S_collat_transv_post,0.20286787886332178,0.9020099956646882,212787,AF7-P7,P10-I2,2.0,1.5886564694485628
ctx_rh_S_front_inf,0.20161518799027073,0.5020059016041482,2571516,F3-C1,F6-FC6,2.0,0.796214341106994
ctx_rh_S_front_middle,0.21473355637782227,0.2135381520740885,1247670,AF3-F1,AF8-F6,2.0,1.0023744672545443
ctx_rh_S_front_sup,0.2025846581559186,0.9162738583551787,2420657,AF8-FT10,F2-FC2,2.0,1.0023744672545443
ctx_rh_S_interm_prim-Jensen,0.20085132161093894,0.1884547559309567,1008615,CP2-CP4,PO8-Oz,0.6324555320336757,2.0
ctx_rh_S_intrapariet_and_P_trans,0.20486210758290205,2.4982558127993095,973660,C4-CP4,Pz-P2,1.5886564694485628,2.0
ctx_rh_S_oc_middle_and_Lunatus,0.2025337994725654,0.36798009337596016,3077039,P9-I2,P6-PO8,2.0,0.6324555320336759
ctx_rh_S_oc_sup_and_transversal,0.20373631903104336,1.1300017284825545,2015894,T8-P10,P2-PO4,2.0,0.796214341106994
ctx_rh_S_occipital_ant,0.20108815774223038,0.6161856306126478,1015770,CP6-P8,Oz-I2,0.7962143411069944,2.0
ctx_rh_S_oc-temp_lat,0.2041699953585738,1.1040769897813993,987490,T8-P8,PO10-I1,0.7962143411069944,2.0
ctx_rh_S_oc-temp_med_and_Lingual,0.20360796044465643,7.241502635260429,2485157,F9-I1,T8-P8,2.0,1.5886564694485628
ctx_rh_S_orbital_lateral,0.20582606510543128,0.2756382328649867,121689,Fp2-AF8,FT8-T8,0.7962143411069944,2.0
ctx_rh_S_orbital_med-olfact,0.20433084403783316,0.6751775786869012,1383449,AF8-FT8,F7-TP7,1.2619146889603863,2.0
ctx_rh_S_orbital-H_Shaped,0.20393008121378287,0.21032899921440626,1151936,Fp2-F8,F9-I1,0.6324555320336757,2.0
ctx_rh_S_parieto_occipital,0.2008809910470887,1.2640914537182673,756790,FT9-P3,P4-P6,1.0023744672545445,2.0
ctx_rh_S_postcentral,0.20003258637081614,0.14663451072812497,963293,C2-C4,PO3-Iz,0.7962143411069944,2.0
ctx_rh_S_precentral-inf-part,0.2024033898881834,0.9748563616619124,69250,Fpz-AF8,FC6-C4,2.0,0.796214341106994
ctx_rh_S_precentral-sup-part,0.20382428110751188,2.183690131886071,524284,F3-FCz,C2-CP4,2.0,1.0023744672545443
ctx_rh_S_suborbital,0.2060319281157757,1.75623392744838,2226248,AF7-T7,AF4-AF8,2.0,1.2619146889603863
ctx_rh_S_subparietal,0.20300375322407035,9.569405631799548,1002021,CP1-CP2,P8-Iz,1.2619146889603863,2.0
ctx_rh_S_temporal_inf,0.2000392043439953,0.45868293397311294,127747,Fp2-F5,T8-TP8,2.0,1.0023744672545443
ctx_rh_S_temporal_sup,0.20666646331592242,1.0757131378465772,2998369,C3-Pz,T8-TP8,2.0,1.2619146889603863
ctx_rh_S_temporal_transverse,0.20050778513541614,2.2002594207960016,2265443,AF7-CP3,C6-T8,2.0,1.2619146889603863
